{"val_loss": [0.9965591430664062, 0.9355030059814453, 0.9646965265274048, 0.8718659281730652, 0.857414960861206, 0.7858479022979736, 0.8183439373970032, 0.8369925022125244, 0.8369362950325012, 0.7634091973304749], "val_dice_coef": [0.37067747116088867, 0.38592469692230225, 0.4029183089733124, 0.44422465562820435, 0.4756966233253479, 0.4753870666027069, 0.45519888401031494, 0.47480669617652893, 0.48161405324935913, 0.4934459626674652], "loss": [1.149002903635321, 1.0002187400087983, 0.9627602943874869, 0.9305549048774939, 0.9129746065673415, 0.8938016534281982, 0.8695875591319391, 0.8641658963279173, 0.8535928747714211, 0.8298336878580307], "dice_coef": [0.2671592, 0.3720677, 0.3982103, 0.42159957, 0.43702528, 0.4517723, 0.4677227, 0.47165117, 0.47943407, 0.49571636]}